"Reference","Qty","Value","DNP","Exclude from BOM","Exclude from Board","Exclude from Simulation","Exclude from Position Files","Footprint","Datasheet"
"A1","1","Arduino_Nano_v3.x","","","","","${EXCLUDE_FROM_POS_FILES}","Desval27:MODULE_ARDUINO_NANO","http://www.mouser.com/pdfdocs/Gravitech_Arduino_Nano3_0.pdf"
"C1","1","47µ","","","","","${EXCLUDE_FROM_POS_FILES}","Capacitor_THT:CP_Radial_D5.0mm_P2.00mm",""
"C2,C3,C4,C5,C6,C7","6","100n","","","","","${EXCLUDE_FROM_POS_FILES}","Capacitor_THT:C_Disc_D3.0mm_W1.6mm_P2.50mm",""
"D1","1","GATE1 LED","","","","","${EXCLUDE_FROM_POS_FILES}","LED_THT:LED_D5.0mm_FlatTop",""
"D2","1","GATE2 LED","","","","","${EXCLUDE_FROM_POS_FILES}","LED_THT:LED_D5.0mm_FlatTop",""
"D3","1","GATE3 LED","","","","","${EXCLUDE_FROM_POS_FILES}","LED_THT:LED_D5.0mm_FlatTop",""
"D4","1","GATE4 LED","","","","","${EXCLUDE_FROM_POS_FILES}","LED_THT:LED_D5.0mm_FlatTop",""
"D5","1","GATE5 LED","","","","","${EXCLUDE_FROM_POS_FILES}","LED_THT:LED_D5.0mm_FlatTop",""
"D6","1","CLOCK LED","","","","","${EXCLUDE_FROM_POS_FILES}","LED_THT:LED_D5.0mm_FlatTop",""
"D7","1","GATE6 LED","","","","","${EXCLUDE_FROM_POS_FILES}","LED_THT:LED_D5.0mm_FlatTop",""
"D8","1","GATE7 LED","","","","","${EXCLUDE_FROM_POS_FILES}","LED_THT:LED_D5.0mm_FlatTop",""
"D9","1","GATE8 LED","","","","","${EXCLUDE_FROM_POS_FILES}","LED_THT:LED_D5.0mm_FlatTop",""
"D10","1","CLOCK OUT LED","","","","","${EXCLUDE_FROM_POS_FILES}","LED_THT:LED_D5.0mm_FlatTop",""
"D11,D12","2","BAT85","","","","","${EXCLUDE_FROM_POS_FILES}","Diode_THT:D_DO-35_SOD27_P7.62mm_Horizontal","https://assets.nexperia.com/documents/data-sheet/BAT85.pdf"
"ENC1","1","ROTARY ENCODER","","","","","${EXCLUDE_FROM_POS_FILES}","Desval27:Rotary Encoder",""
"J1","1","GATE1","","","","","${EXCLUDE_FROM_POS_FILES}","Desval27:Jack_3.5mm_QingPu_WQP-PJ398SM_Vertical",""
"J2","1","GATE2","","","","","${EXCLUDE_FROM_POS_FILES}","Desval27:Jack_3.5mm_QingPu_WQP-PJ398SM_Vertical",""
"J3","1","GATE3","","","","","${EXCLUDE_FROM_POS_FILES}","Desval27:Jack_3.5mm_QingPu_WQP-PJ398SM_Vertical",""
"J4","1","GATE4","","","","","${EXCLUDE_FROM_POS_FILES}","Desval27:Jack_3.5mm_QingPu_WQP-PJ398SM_Vertical",""
"J5","1","GATE5","","","","","${EXCLUDE_FROM_POS_FILES}","Desval27:Jack_3.5mm_QingPu_WQP-PJ398SM_Vertical",""
"J6","1","GATE6","","","","","${EXCLUDE_FROM_POS_FILES}","Desval27:Jack_3.5mm_QingPu_WQP-PJ398SM_Vertical",""
"J7","1","GATE7","","","","","${EXCLUDE_FROM_POS_FILES}","Desval27:Jack_3.5mm_QingPu_WQP-PJ398SM_Vertical",""
"J8","1","GATE8","","","","","${EXCLUDE_FROM_POS_FILES}","Desval27:Jack_3.5mm_QingPu_WQP-PJ398SM_Vertical",""
"J9","1","CLOCK OUT","","","","","${EXCLUDE_FROM_POS_FILES}","Desval27:Jack_3.5mm_QingPu_WQP-PJ398SM_Vertical",""
"J10","1","CLOCK IN","","","","","${EXCLUDE_FROM_POS_FILES}","Desval27:Jack_3.5mm_QingPu_WQP-PJ398SM_Vertical",""
"J11","1","POWER","","","","","${EXCLUDE_FROM_POS_FILES}","Connector_IDC:IDC-Header_2x08_P2.54mm_Vertical",""
"R1,R3,R4,R7,R11,R15,R16,R19,R20","9","1k","","","","","${EXCLUDE_FROM_POS_FILES}","Resistor_THT:R_Axial_DIN0207_L6.3mm_D2.5mm_P2.54mm_Vertical",""
"R2,R5,R6,R12,R13,R17,R18,R21,R22","9","4k7","","","","","${EXCLUDE_FROM_POS_FILES}","Resistor_THT:R_Axial_DIN0207_L6.3mm_D2.5mm_P2.54mm_Vertical",""
"R8,R9,R10","3","10k","","","","","${EXCLUDE_FROM_POS_FILES}","Resistor_THT:R_Axial_DIN0207_L6.3mm_D2.5mm_P2.54mm_Vertical",""
"R14","1","2k2","","","","","${EXCLUDE_FROM_POS_FILES}","Resistor_THT:R_Axial_DIN0207_L6.3mm_D2.5mm_P2.54mm_Vertical",""
"R23","1","22k","","","","","${EXCLUDE_FROM_POS_FILES}","Resistor_THT:R_Axial_DIN0207_L6.3mm_D2.5mm_P2.54mm_Vertical",""
"R24","1","100k","","","","","${EXCLUDE_FROM_POS_FILES}","Resistor_THT:R_Axial_DIN0207_L6.3mm_D2.5mm_P2.54mm_Vertical",""
"RN1,RN2","2","100k","","","","","${EXCLUDE_FROM_POS_FILES}","Resistor_THT:R_Array_SIP9","http://www.vishay.com/docs/31509/csc.pdf"
"RN3","1","10k","","","","","${EXCLUDE_FROM_POS_FILES}","Resistor_THT:R_Array_SIP9","http://www.vishay.com/docs/31509/csc.pdf"
"SW1","1","RUN/STOP","","","","","${EXCLUDE_FROM_POS_FILES}","Button_Switch_THT:SW_PUSH_6mm_H8mm",""
"SW2","1","MUTE 1","","","","","${EXCLUDE_FROM_POS_FILES}","Desval27:2MS1T1B1M2QES",""
"SW3","1","MUTE 2","","","","","${EXCLUDE_FROM_POS_FILES}","Desval27:2MS1T1B1M2QES",""
"SW4","1","MUTE 3","","","","","${EXCLUDE_FROM_POS_FILES}","Desval27:2MS1T1B1M2QES",""
"SW5","1","MUTE 4","","","","","${EXCLUDE_FROM_POS_FILES}","Desval27:2MS1T1B1M2QES",""
"SW6","1","MUTE 5","","","","","${EXCLUDE_FROM_POS_FILES}","Desval27:2MS1T1B1M2QES",""
"SW7","1","MUTE 6","","","","","${EXCLUDE_FROM_POS_FILES}","Desval27:2MS1T1B1M2QES",""
"SW8","1","MUTE 7","","","","","${EXCLUDE_FROM_POS_FILES}","Desval27:2MS1T1B1M2QES",""
"SW9","1","MUTE 8","","","","","${EXCLUDE_FROM_POS_FILES}","Desval27:2MS1T1B1M2QES",""
"U1","1","74HC595","","","","","${EXCLUDE_FROM_POS_FILES}","Package_DIP:DIP-16_W7.62mm_LongPads","http://www.ti.com/lit/ds/symlink/sn74hc595.pdf"
"U2,U4","2","74HCT541","","","","","${EXCLUDE_FROM_POS_FILES}","Package_DIP:DIP-20_W7.62mm_LongPads","http://www.ti.com/lit/gpn/sn74HCT541"
"U3","1","0.96 Inch OLED I2C Display Module","","","","","${EXCLUDE_FROM_POS_FILES}","Desval27:0.96 Inch OLED I2C Display Module","https://atta.szlcsc.com/upload/public/pdf/source/20240311/1DABDC0F0F4D195A378941843D39FB20.pdf"
"U5","1","74HCT14","","","","","${EXCLUDE_FROM_POS_FILES}","Package_DIP:DIP-14_W7.62mm_LongPads","http://www.ti.com/lit/gpn/sn74HC14"
"U6","1","74HC165","","","","","${EXCLUDE_FROM_POS_FILES}","Package_DIP:DIP-16_W7.62mm_LongPads","https://assets.nexperia.com/documents/data-sheet/74HC_HCT165.pdf"
